,Batsmen,Runs,Balls Faced,Strike Rate,Matches Played,Sixes,Fours,Triples,Doubles,Singles,Dismissals,Caught,Bowled,RunOut,LBW,50s,100s,150s,200s,Bp6,Bp4,Best,Wins,Wins Percentage
0,A Ashish Reddy,280,196,142.85714285714286,23,15,16,1,20,83,15,8,5,2,0,0,0,0,0,13.07,12.25,36,10,43.48
1,A Chandila,4,7,57.14285714285714,2,0,0,0,0,4,0,0,0,1,0,0,0,0,0,0.0,0.0,4,0,0.0
2,A Chopra,53,75,70.66666666666667,6,0,7,0,2,21,6,2,0,1,1,0,0,0,0,0.0,10.71,24,4,66.67
3,A Choudhary,25,20,125.0,3,1,1,0,1,13,1,1,0,1,0,0,0,0,0,20.0,20.0,15,0,0.0
4,A Dananjaya,4,5,80.0,1,0,0,0,1,2,0,0,0,0,0,0,0,0,0,0.0,0.0,4,1,100.0
5,A Flintoff,62,57,108.77192982456141,3,2,5,1,2,23,2,1,0,0,0,0,0,0,0,28.5,11.4,24,1,33.33
6,A Hales,152,119,127.73109243697478,6,6,13,0,10,44,6,3,2,0,1,0,0,0,0,19.83,9.15,48,2,33.33
7,A Joseph,15,13,115.38461538461537,1,0,2,0,2,3,0,0,0,0,0,0,0,0,0,0.0,6.5,15,1,100.0
8,A Kumble,35,49,71.42857142857143,15,0,3,0,1,21,3,1,1,0,0,0,0,0,0,0.0,16.33,8,2,13.33
9,A Mishra,368,410,89.75609756097562,54,5,30,0,22,174,31,9,9,9,1,0,0,0,0,82.0,13.67,31,10,18.52
10,A Mithun,34,26,130.76923076923077,6,1,4,0,2,8,5,4,1,0,0,0,0,0,0,26.0,6.5,11,2,33.33
11,A Mukund,19,23,82.6086956521739,2,0,1,0,2,11,2,0,2,0,0,0,0,0,0,0.0,23.0,19,0,0.0
12,A Nehra,41,63,65.07936507936508,17,1,3,0,1,21,7,5,1,2,0,0,0,0,0,63.0,21.0,22,2,11.76
13,A Singh,2,10,20.0,5,0,0,0,0,2,4,0,2,0,0,0,0,0,0,0.0,0.0,1,0,0.0
14,A Symonds,974,781,124.71190781049937,36,41,74,4,66,288,27,14,7,3,0,5,1,0,0,19.05,10.55,117,18,50.0
15,A Turner,4,11,36.36363636363637,4,0,0,0,0,4,3,2,0,0,1,0,0,0,0,0.0,0.0,3,3,75.0
16,A Uniyal,4,7,57.14285714285714,2,0,0,0,0,4,1,0,1,0,0,0,0,0,0,0.0,0.0,4,0,0.0
17,A Zampa,5,8,62.5,2,0,1,0,0,1,2,2,0,0,0,0,0,0,0,0.0,8.0,5,0,0.0
18,AA Bilakhia,69,88,78.4090909090909,7,0,5,0,9,31,5,2,0,0,2,0,0,0,0,0.0,17.6,22,3,42.86
19,AA Chavan,12,11,109.09090909090908,3,0,2,0,0,4,2,1,0,0,0,0,0,0,0,0.0,5.5,7,0,0.0
20,AA Jhunjhunwala,217,218,99.54128440366972,15,5,19,1,13,82,13,8,2,4,0,1,0,0,0,43.6,11.47,53,4,26.67
21,AA Noffke,9,12,75.0,1,0,1,0,0,5,1,0,0,1,0,0,0,0,0,0.0,12.0,9,0,0.0
22,AB Agarkar,179,160,111.87499999999999,18,5,13,0,15,67,10,6,0,1,0,0,0,0,0,32.0,12.31,39,2,11.11
23,AB Barath,42,43,97.67441860465115,3,1,5,0,1,14,2,1,0,0,1,0,0,0,0,43.0,8.6,33,2,66.67
24,AB Dinda,26,50,52.0,16,0,2,0,1,16,10,4,3,1,1,0,0,0,0,0.0,25.0,7,0,0.0
25,AB McDonald,123,103,119.41747572815532,9,4,9,1,9,42,5,3,1,0,0,0,0,0,0,25.75,11.44,33,4,44.44
26,AB de Villiers,4428,2977,148.7403426268055,142,214,357,15,220,1231,110,67,20,4,6,34,3,0,0,13.91,8.34,133,62,43.66
27,AC Blizzard,120,91,131.86813186813185,7,2,21,1,2,17,7,6,1,0,0,1,0,0,0,45.5,4.33,51,3,42.86
28,AC Gilchrist,2069,1555,133.05466237942122,80,92,239,4,66,417,76,53,12,2,4,11,2,0,0,16.9,6.51,109,36,45.0
29,AC Thomas,20,19,105.26315789473684,4,1,1,0,1,8,2,0,1,1,0,0,0,0,0,19.0,19.0,12,0,0.0
30,AC Voges,181,143,126.57342657342659,7,3,15,2,18,61,4,4,0,2,0,0,0,0,0,47.67,9.53,45,3,42.86
31,AD Mascarenhas,79,79,100.0,11,1,5,0,9,35,9,4,3,3,0,0,0,0,0,79.0,15.8,27,2,18.18
32,AD Mathews,724,599,120.86811352253757,41,29,44,3,49,267,31,20,4,4,2,1,0,0,0,20.66,13.61,65,11,26.83
33,AD Nath,91,99,91.91919191919192,10,2,7,0,5,41,10,8,1,0,1,0,0,0,0,49.5,14.14,24,3,30.0
34,AD Russell,1445,803,179.95018679950186,52,119,98,0,31,270,42,27,9,3,0,11,0,0,0,6.75,8.19,89,26,50.0
35,AF Milne,7,12,58.333333333333336,3,0,0,0,1,5,2,1,1,1,0,0,0,0,0,0.0,0.0,5,0,0.0
36,AG Murtaza,10,14,71.42857142857143,3,0,1,0,0,6,1,0,0,0,0,0,0,0,0,0.0,14.0,5,0,0.0
37,AG Paunikar,49,61,80.32786885245902,5,0,9,0,2,9,5,3,1,0,0,0,0,0,0,0.0,6.78,20,2,40.0
38,AJ Finch,1744,1372,127.1137026239067,73,67,176,3,83,463,67,35,18,2,5,13,0,0,0,20.48,7.8,88,28,38.36
39,AJ Tye,94,72,130.55555555555557,12,4,7,1,6,27,8,4,2,0,1,0,0,0,0,18.0,10.29,25,6,50.0
40,AL Menaria,401,367,109.26430517711172,23,18,24,0,24,149,21,15,3,2,0,0,0,0,0,20.39,15.29,40,9,39.13
41,AM Nayar,672,588,114.28571428571428,50,20,55,1,47,230,38,21,4,9,5,0,0,0,0,29.4,10.69,45,15,30.0
42,AM Rahane,3850,3215,119.75116640746502,132,74,405,15,214,1308,116,71,18,8,11,27,2,0,0,43.45,7.94,108,67,50.76
43,AN Ahmed,36,27,133.33333333333331,6,1,4,0,3,8,1,0,1,0,0,0,0,0,0,27.0,6.75,18,2,33.33
44,AN Ghosh,7,8,87.5,2,0,1,0,1,1,2,2,0,0,0,0,0,0,0,0.0,8.0,7,0,0.0
45,AP Dole,34,23,147.82608695652172,2,1,3,0,4,8,2,2,0,0,0,0,0,0,0,23.0,7.67,30,1,50.0
46,AP Majumdar,87,77,112.98701298701299,4,2,7,0,7,33,4,1,1,0,0,0,0,0,0,38.5,11.0,31,0,0.0
47,AP Tare,339,285,118.94736842105263,27,11,40,1,19,72,24,17,4,2,0,1,0,0,0,25.91,7.12,59,11,40.74
48,AR Bawne,12,12,100.0,1,0,1,0,1,6,0,0,0,0,0,0,0,0,0,0.0,12.0,12,0,0.0
49,AR Patel,806,655,123.05343511450381,62,35,47,1,46,313,42,24,7,7,2,0,0,0,0,18.71,13.94,44,21,33.87
50,AS Rajpoot,18,31,58.06451612903226,5,0,2,0,1,8,4,1,2,0,0,0,0,0,0,0.0,15.5,9,3,60.0
51,AS Raut,194,172,112.79069767441861,16,7,13,3,9,73,9,3,2,4,1,0,0,0,0,24.57,13.23,36,3,18.75
52,AS Yadav,1011,760,133.02631578947367,35,28,113,1,41,306,32,23,4,4,4,6,0,0,0,27.14,6.73,76,16,45.71
53,AT Rayudu,3326,2681,124.05818724356583,138,120,278,1,156,1179,115,67,19,12,4,19,1,0,0,22.34,9.64,100,76,55.07
54,AUK Pathan,39,26,150.0,7,2,5,0,2,3,5,2,2,0,1,0,0,0,0,13.0,5.2,14,3,42.86
55,Abdur Razzak,0,2,0.0,1,0,0,0,0,0,0,0,0,0,0,0,0,0,0,0.0,0.0,0,0,0.0
56,Anirudh Singh,63,69,91.30434782608695,4,1,6,0,5,23,4,2,1,0,0,0,0,0,0,69.0,11.5,40,1,25.0
57,Ankit Sharma,164,114,143.859649122807,16,9,11,0,9,48,10,10,0,0,0,0,0,0,0,12.67,10.36,47,1,6.25
58,Ankit Soni,7,9,77.77777777777779,3,1,0,0,0,1,2,0,2,0,0,0,0,0,0,9.0,0.0,7,0,0.0
59,Anureet Singh,37,47,78.72340425531915,8,1,2,0,0,23,4,3,1,0,0,0,0,0,0,47.0,23.5,15,1,12.5
60,Avesh Khan,4,3,133.33333333333331,1,0,1,0,0,0,0,0,0,0,0,0,0,0,0,0.0,3.0,4,0,0.0
61,Azhar Mahmood,388,311,124.7588424437299,21,13,39,0,19,116,19,9,2,3,3,2,0,0,0,23.92,7.97,80,11,52.38
62,B Akhil,76,57,133.33333333333331,11,5,5,0,5,16,6,3,1,2,1,0,0,0,0,11.4,11.4,27,5,45.45
63,B Chipli,280,256,109.375,21,7,28,4,7,100,15,10,4,1,1,1,0,0,0,36.57,9.14,61,6,28.57
64,B Kumar,190,197,96.44670050761421,41,3,18,0,14,72,24,12,7,3,1,0,0,0,0,65.67,10.94,24,7,17.07
65,B Laughlin,5,13,38.46153846153847,4,0,0,0,0,5,2,1,1,0,0,0,0,0,0,0.0,0.0,4,2,50.0
66,B Lee,124,102,121.56862745098039,19,8,8,0,4,36,10,6,1,3,0,0,0,0,0,12.75,12.75,25,6,31.58
67,B Stanlake,5,2,250.0,1,0,1,0,0,1,0,0,0,0,0,0,0,0,0,0.0,2.0,5,0,0.0
68,B Sumanth,35,38,92.10526315789474,4,0,3,0,3,17,1,0,1,0,0,0,0,0,0,0.0,12.67,16,3,75.0
69,BA Bhatt,6,7,85.71428571428571,2,1,0,0,0,0,1,0,0,0,0,0,0,0,0,7.0,0.0,6,1,50.0
70,BA Stokes,647,493,131.23732251521298,32,25,43,2,44,231,28,16,10,2,0,1,1,0,0,19.72,11.47,103,20,62.5
71,BAW Mendis,3,6,50.0,3,0,0,0,0,3,2,0,1,0,1,0,0,0,0,0.0,0.0,2,0,0.0
72,BB McCullum,2893,2272,127.33274647887325,109,129,293,3,103,720,104,62,17,7,16,13,1,1,0,17.61,7.75,158,55,50.46
73,BB Samantray,125,116,107.75862068965519,8,2,13,0,8,45,5,2,1,1,1,1,0,0,0,58.0,8.92,55,6,75.0
74,BB Sran,11,14,78.57142857142857,7,0,0,0,1,9,1,0,0,1,0,0,0,0,0,0.0,0.0,3,4,57.14
75,BCJ Cutting,240,146,164.3835616438356,17,19,15,0,10,46,11,6,2,1,1,0,0,0,0,7.68,9.73,39,12,70.59
76,BE Hendricks,1,3,33.33333333333333,2,0,0,0,0,1,1,0,1,0,0,0,0,0,0,0.0,0.0,1,0,0.0
77,BJ Haddin,18,11,163.63636363636365,1,1,2,0,1,2,1,1,0,0,0,0,0,0,0,11.0,5.5,18,0,0.0
78,BJ Hodge,1400,1153,121.42237640936686,63,43,122,8,89,452,42,23,9,6,6,6,0,0,0,26.81,9.45,73,26,41.27
79,BJ Rohrer,193,146,132.1917808219178,8,5,21,1,14,48,7,3,4,0,0,1,0,0,0,29.2,6.95,64,2,25.0
80,BMAJ Mendis,23,27,85.18518518518519,3,0,0,0,4,15,3,1,0,1,0,0,0,0,0,0.0,0.0,12,0,0.0
81,BR Dunk,40,36,111.11111111111111,3,0,7,0,3,6,3,2,1,0,0,0,0,0,0,0.0,5.14,20,2,66.67
82,Basil Thampi,32,37,86.48648648648648,7,1,1,0,3,16,1,0,1,1,0,0,0,0,0,37.0,37.0,13,1,14.29
83,Bipul Sharma,187,124,150.80645161290323,17,9,11,0,19,51,8,4,1,1,0,0,0,0,0,13.78,11.27,35,8,47.06
84,C Ingram,187,157,119.10828025477707,12,5,20,0,8,61,10,6,1,1,2,0,0,0,0,31.4,7.85,47,2,16.67
85,C Madan,15,21,71.42857142857143,1,0,3,0,0,3,1,1,0,0,0,0,0,0,0,0.0,7.0,15,1,100.0
86,C Munro,180,144,125.0,11,8,19,0,4,48,12,5,2,0,2,0,0,0,0,18.0,7.58,42,5,45.45
87,C Nanda,0,1,0.0,1,0,0,0,0,0,1,0,0,1,0,0,0,0,0,0.0,0.0,0,0,0.0
88,C de Grandhomme,313,229,136.6812227074236,21,17,18,1,17,95,15,9,3,1,1,0,0,0,0,13.47,12.72,41,8,38.1
89,CA Ingram,21,26,80.76923076923077,3,0,2,0,1,11,2,1,1,0,0,0,0,0,0,0.0,13.0,13,0,0.0
90,CA Lynn,1308,939,139.297124600639,41,62,128,0,44,319,38,24,9,1,3,10,0,0,0,15.15,7.34,93,23,56.1
91,CA Pujara,390,403,96.7741935483871,22,4,50,1,15,133,19,12,4,1,1,1,0,0,0,100.75,8.06,51,12,54.55
92,CH Gayle,4560,3131,145.64037048866177,124,327,376,3,83,919,109,75,22,2,7,28,6,1,0,9.57,8.33,175,59,47.58
93,CH Morris,520,339,153.39233038348084,37,27,37,1,33,141,19,8,5,4,1,2,0,0,0,12.56,9.16,82,14,37.84
94,CJ Anderson,538,436,123.39449541284404,29,31,40,1,25,139,22,11,4,3,1,3,0,0,0,14.06,10.9,95,10,34.48
95,CJ Ferguson,98,119,82.35294117647058,8,0,9,0,10,42,6,1,0,1,1,0,0,0,0,0.0,13.22,23,4,50.0
96,CJ Jordan,3,5,60.0,2,0,0,0,1,1,2,0,0,0,0,0,0,0,0,0.0,0.0,3,1,50.0
97,CJ McKay,8,15,53.333333333333336,1,0,0,0,1,6,1,1,0,0,0,0,0,0,0,0.0,0.0,8,0,0.0
98,CK Kapugedera,16,24,66.66666666666666,3,0,0,0,2,12,3,3,0,0,0,0,0,0,0,0.0,0.0,8,1,33.33
99,CK Langeveldt,8,9,88.88888888888889,2,1,0,0,0,2,2,0,2,0,0,0,0,0,0,9.0,0.0,8,0,0.0
100,CL White,971,774,125.45219638242895,45,38,76,2,49,335,36,22,4,4,1,6,0,0,0,20.37,10.18,78,16,35.56
101,CM Gautam,169,158,106.9620253164557,13,6,17,3,8,40,10,7,0,0,1,0,0,0,0,26.33,9.29,33,3,23.08
102,CR Brathwaite,188,120,156.66666666666666,14,16,10,0,5,42,13,9,1,2,1,0,0,0,0,7.5,12.0,47,5,35.71
103,CR Woakes,63,66,95.45454545454545,11,2,5,0,3,25,6,4,0,0,0,0,0,0,0,33.0,13.2,18,6,54.55
104,CRD Fernando,4,3,133.33333333333331,2,0,0,0,1,2,0,0,0,1,0,0,0,0,0,0.0,0.0,2,0,0.0
105,D Kalyankrishna,3,8,37.5,1,0,0,0,0,3,1,1,0,0,0,0,0,0,0,0.0,0.0,3,0,0.0
106,D Salunkhe,33,24,137.5,3,0,5,0,2,9,2,0,0,0,0,0,0,0,0,0.0,4.8,26,1,33.33
107,D Shorey,16,20,80.0,2,1,0,0,0,10,2,2,0,0,0,0,0,0,0,20.0,0.0,8,0,0.0
108,D Short,123,102,120.58823529411764,7,5,11,0,3,38,7,4,1,2,0,0,0,0,0,20.4,9.27,45,4,57.14
109,D Wiese,127,94,135.1063829787234,8,4,12,0,6,43,4,4,0,1,0,0,0,0,0,23.5,7.83,47,1,12.5
110,D du Preez,10,13,76.92307692307693,1,0,0,0,2,6,1,1,0,0,0,0,0,0,0,0.0,0.0,10,0,0.0
111,DA Miller,1875,1376,136.26453488372093,77,87,127,1,126,585,55,34,13,2,4,10,1,0,0,15.82,10.83,101,35,45.45
112,DA Warner,4741,3398,139.52324896998235,126,181,459,18,271,1213,110,69,23,10,4,44,4,0,0,18.77,7.4,126,59,46.83
113,DAJ Bracewell,12,9,133.33333333333331,1,0,1,0,1,6,0,0,0,0,0,0,0,0,0,0.0,9.0,12,0,0.0
114,DB Das,304,267,113.85767790262172,22,16,23,0,12,92,14,4,4,0,3,0,0,0,0,16.69,11.61,35,7,31.82
115,DB Ravi Teja,375,325,115.38461538461537,25,9,35,3,18,136,19,9,5,2,2,1,0,0,0,36.11,9.29,60,7,28.0
116,DE Bollinger,21,23,91.30434782608695,4,1,1,0,1,9,1,1,0,0,0,0,0,0,0,23.0,23.0,16,0,0.0
117,DH Yagnik,170,142,119.71830985915493,17,2,23,0,11,44,10,3,4,0,0,0,0,0,0,71.0,6.17,34,4,23.53
118,DJ Bravo,1498,1193,125.56580050293378,99,60,118,5,104,436,64,42,11,1,6,5,0,0,0,19.88,10.11,70,51,51.52
119,DJ Harris,111,103,107.76699029126213,4,5,11,0,2,33,4,3,0,0,0,0,0,0,0,20.6,9.36,47,0,0.0
120,DJ Hooda,535,431,124.12993039443157,45,24,27,1,41,198,35,20,6,3,1,1,0,0,0,17.96,15.96,54,22,48.89
121,DJ Hussey,1322,1101,120.07266121707538,61,60,90,2,72,452,49,32,9,6,1,5,0,0,0,18.35,12.23,71,28,45.9
122,DJ Jacobs,92,101,91.0891089108911,7,4,10,0,3,22,7,1,6,0,0,0,0,0,0,25.25,10.1,32,4,57.14
123,DJ Muthuswami,1,3,33.33333333333333,1,0,0,0,0,1,1,0,0,1,0,0,0,0,0,0.0,0.0,1,0,0.0
124,DJ Thornely,39,54,72.22222222222221,4,2,2,0,0,19,3,0,1,0,1,0,0,0,0,27.0,27.0,30,3,75.0
125,DJG Sammy,295,251,117.52988047808766,20,18,15,1,15,94,15,10,1,1,2,1,0,0,0,13.94,16.73,60,9,45.0
126,DL Chahar,73,46,158.69565217391303,7,6,2,0,4,21,6,5,0,0,0,0,0,0,0,7.67,23.0,40,4,57.14
127,DL Vettori,121,118,102.54237288135593,16,2,11,1,4,54,8,1,4,1,0,0,0,0,0,59.0,10.73,29,4,25.0
128,DM Bravo,6,5,120.0,1,0,1,0,0,2,0,0,0,0,0,0,0,0,0,0.0,5.0,6,1,100.0
129,DNT Zoysa,11,9,122.22222222222223,2,0,1,0,2,3,1,0,1,0,0,0,0,0,0,0.0,9.0,10,0,0.0
130,DP Nannes,4,13,30.76923076923077,2,0,0,0,0,4,1,0,1,0,0,0,0,0,0,0.0,0.0,3,0,0.0
131,DP Vijaykumar,1,1,100.0,1,0,0,0,0,1,0,0,0,0,0,0,0,0,0,0.0,0.0,1,0,0.0
132,DPMD Jayawardene,1808,1522,118.7910643889619,78,40,200,4,93,565,64,39,6,8,6,10,1,0,0,38.05,7.61,110,35,44.87
133,DR Martyn,19,26,73.07692307692307,1,0,1,0,0,15,1,0,1,1,0,0,0,0,0,0.0,26.0,19,0,0.0
134,DR Smith,2385,1803,132.27953410981698,88,117,245,3,84,521,84,48,18,2,12,17,0,0,0,15.41,7.36,87,46,52.27
135,DS Kulkarni,101,111,90.990990990991,19,2,7,1,7,44,9,0,3,4,1,0,0,0,0,55.5,15.86,28,4,21.05
136,DS Lehmann,18,19,94.73684210526315,2,0,3,0,0,6,2,0,0,0,2,0,0,0,0,0.0,6.33,17,1,50.0
137,DT Christian,448,384,116.66666666666667,34,19,22,2,29,182,25,13,5,1,4,0,0,0,0,20.21,17.45,39,13,38.24
138,DT Patil,13,13,100.0,2,0,1,0,2,5,2,1,0,0,0,0,0,0,0,0.0,13.0,9,0,0.0
139,DW Steyn,166,161,103.1055900621118,32,3,14,0,19,54,22,8,8,3,2,0,0,0,0,53.67,11.5,19,5,15.62
140,E Lewis,464,343,135.27696793002914,16,26,38,2,12,116,16,11,3,0,1,4,0,0,0,13.19,9.03,75,10,62.5
141,EJG Morgan,854,725,117.79310344827587,45,34,72,3,49,255,40,23,7,5,2,4,0,0,0,21.32,10.07,66,17,37.78
142,ER Dwivedi,24,15,160.0,2,2,2,0,0,4,2,2,0,0,0,0,0,0,0,7.5,7.5,19,0,0.0
143,F Behardien,14,13,107.6923076923077,3,0,2,0,0,6,2,2,0,0,0,0,0,0,0,0.0,6.5,9,0,0.0
144,F du Plessis,1874,1499,125.01667778519013,64,59,164,9,92,638,59,31,12,5,0,12,0,0,0,25.41,9.14,96,31,48.44
145,FH Edwards,4,5,80.0,2,0,0,1,0,1,1,0,1,0,0,0,0,0,0,0.0,0.0,3,2,100.0
146,FY Fazal,183,179,102.23463687150837,11,1,22,0,7,75,10,4,0,3,2,0,0,0,0,179.0,8.14,45,5,45.45
147,G Gambhir,4223,3524,119.83541430192963,151,59,492,15,249,1358,136,80,27,15,7,36,0,0,0,59.73,7.16,93,83,54.97
148,GB Hogg,22,22,100.0,4,0,1,0,2,14,3,2,0,0,0,0,0,0,0,0.0,22.0,13,1,25.0
149,GC Smith,739,691,106.9464544138929,29,9,94,1,39,228,26,20,2,4,1,4,0,0,0,76.78,7.35,91,17,58.62
150,GD McGrath,4,5,80.0,2,0,1,0,0,0,1,1,0,0,0,0,0,0,0,0.0,5.0,4,0,0.0
151,GH Vihari,280,323,86.687306501548,21,1,23,1,23,133,18,16,0,1,0,0,0,0,0,323.0,14.04,46,11,52.38
152,GJ Bailey,663,552,120.1086956521739,36,19,59,1,44,222,27,16,4,6,1,2,0,0,0,29.05,9.36,61,16,44.44
153,GJ Maxwell,1403,902,155.5432372505543,67,91,110,1,65,284,61,40,13,3,5,6,0,0,0,9.91,8.2,95,30,44.78
154,GR Napier,15,16,93.75,1,0,1,0,3,5,1,1,0,0,0,0,0,0,0,0.0,16.0,15,1,100.0
155,Gurkeerat Singh,446,353,126.34560906515581,27,11,47,0,20,152,24,12,4,4,2,2,0,0,0,32.09,7.51,69,7,25.93
156,H Brar,22,14,157.14285714285714,1,1,2,0,0,8,0,0,0,0,0,0,0,0,0,14.0,7.0,22,1,100.0
157,H Das,2,5,40.0,1,0,0,0,0,2,1,0,0,1,0,0,0,0,0,0.0,0.0,2,0,0.0
158,H Gurney,1,5,20.0,1,0,0,0,0,1,0,0,0,0,0,0,0,0,0,0.0,0.0,1,1,100.0
159,H Klaasen,68,58,117.24137931034481,6,1,5,0,8,26,5,4,1,0,0,0,0,0,0,58.0,11.6,33,2,33.33
160,H Vihari,4,8,50.0,2,0,0,0,0,4,2,1,1,0,0,0,0,0,0,0.0,0.0,2,0,0.0
161,H Viljoen,6,7,85.71428571428571,3,0,0,0,2,2,2,2,0,0,0,0,0,0,0,0.0,0.0,5,3,100.0
162,HH Gibbs,886,837,105.8542413381123,36,31,83,3,45,264,32,16,7,3,3,6,0,0,0,27.0,10.08,69,15,41.67
163,HH Pandya,1118,736,151.90217391304347,61,69,73,4,41,303,37,29,3,3,3,3,0,0,0,10.67,10.08,96,34,55.74
164,HM Amla,577,418,138.03827751196172,16,21,60,1,22,164,13,8,0,1,3,3,2,0,0,19.9,6.97,104,7,43.75
165,HV Patel,108,74,145.94594594594594,15,9,3,0,3,36,11,5,3,1,0,0,0,0,0,8.22,24.67,36,4,26.67
166,Harbhajan Singh,834,632,131.96202531645568,86,42,79,0,34,198,55,33,7,8,6,1,0,0,0,15.05,8.0,64,33,38.37
167,Harmeet Singh,18,12,150.0,4,0,3,0,2,2,4,1,0,0,1,0,0,0,0,0.0,4.0,14,1,25.0
168,Harpreet Singh,20,26,76.92307692307693,3,0,0,0,2,16,2,1,0,0,0,0,0,0,0,0.0,0.0,13,0,0.0
169,I Malhotra,7,4,175.0,1,0,1,0,0,3,0,0,0,0,0,0,0,0,0,0.0,4.0,7,0,0.0
170,I Sharma,55,62,88.70967741935483,18,2,4,0,3,21,6,2,2,2,0,0,0,0,0,31.0,15.5,10,2,11.11
171,I Sodhi,10,18,55.55555555555556,2,0,0,1,0,7,2,2,0,0,0,0,0,0,0,0.0,0.0,9,2,100.0
172,IC Pandey,0,2,0.0,1,0,0,0,0,0,1,0,1,0,0,0,0,0,0,0.0,0.0,0,0,0.0
173,IK Pathan,1150,985,116.75126903553299,82,38,88,2,76,407,53,31,8,9,1,1,0,0,0,25.92,11.19,60,29,35.37
174,IR Jaggi,76,100,76.0,7,0,6,2,5,36,5,4,1,0,0,0,0,0,0,0.0,16.67,28,1,14.29
175,Imran Tahir,20,27,74.07407407407408,7,0,3,0,1,6,4,2,1,1,0,0,0,0,0,0.0,9.0,5,1,14.29
176,Iqbal Abdulla,88,86,102.32558139534885,13,1,9,0,6,34,2,1,0,0,0,0,0,0,0,86.0,9.56,33,3,23.08
177,Ishan Kishan,711,546,130.21978021978023,33,34,66,0,27,189,33,21,5,3,1,3,0,0,0,16.06,8.27,63,15,45.45
178,J Archer,85,62,137.09677419354838,11,4,6,0,6,25,7,5,1,1,0,0,0,0,0,15.5,10.33,28,6,54.55
179,J Arunkumar,23,24,95.83333333333334,3,0,5,0,0,3,3,2,0,1,0,0,0,0,0,0.0,4.8,22,0,0.0
180,J Bairstow,468,293,159.7269624573379,10,18,50,2,20,114,8,6,1,0,1,3,1,0,0,16.28,5.86,115,6,60.0
181,J Botha,409,364,112.36263736263736,28,5,39,2,37,143,20,9,4,4,3,1,0,0,0,72.8,9.33,67,12,42.86
182,J Denly,0,1,0.0,1,0,0,0,0,0,1,0,1,0,0,0,0,0,0,0.0,0.0,0,1,100.0
183,J Searles,8,6,133.33333333333331,2,1,0,0,0,2,1,1,0,0,0,0,0,0,0,6.0,0.0,6,2,100.0
184,J Suchith,54,48,112.5,6,2,4,0,5,16,2,1,0,1,0,0,0,0,0,24.0,12.0,34,2,33.33
185,J Syed Mohammad,29,27,107.40740740740742,5,0,4,0,1,11,2,2,0,0,0,0,0,0,0,0.0,6.75,13,2,40.0
186,J Theron,10,13,76.92307692307693,4,0,1,0,0,6,2,1,0,1,0,0,0,0,0,0.0,13.0,7,0,0.0
187,J Yadav,6,12,50.0,2,0,0,0,0,6,2,0,0,0,0,0,0,0,0,0.0,0.0,5,0,0.0
188,JA Morkel,975,712,136.93820224719101,67,55,61,1,55,288,40,25,10,4,0,3,0,0,0,12.95,11.67,73,30,44.78
189,JC Buttler,1431,954,150.0,45,61,143,3,66,347,40,24,6,1,3,9,0,0,0,15.64,6.67,96,26,57.78
190,JD Ryder,604,466,129.6137339055794,29,19,69,3,30,145,28,17,7,3,0,4,0,0,0,24.53,6.75,86,10,34.48
191,JD Unadkat,55,54,101.85185185185186,12,1,6,0,0,25,6,3,2,2,0,0,0,0,0,54.0,9.0,26,6,50.0
192,JDP Oram,106,110,96.36363636363636,11,5,6,0,3,46,8,5,2,0,0,0,0,0,0,22.0,18.33,41,6,54.55
193,JDS Neesham,42,46,91.30434782608695,3,1,3,0,7,10,3,3,0,0,0,0,0,0,0,46.0,15.33,22,1,33.33
194,JE Taylor,3,4,75.0,2,0,0,0,1,1,1,0,0,0,0,0,0,0,0,0.0,0.0,2,0,0.0
195,JEC Franklin,327,309,105.8252427184466,16,9,25,0,22,129,11,10,1,0,0,1,0,0,0,34.33,12.36,79,10,62.5
196,JH Kallis,2427,2291,105.93627237014405,95,44,255,8,113,888,85,60,16,9,3,17,0,0,0,52.07,8.98,89,47,49.47
197,JJ Bumrah,37,39,94.87179487179486,10,1,2,0,2,19,4,2,0,2,0,0,0,0,0,39.0,19.5,16,4,40.0
198,JJ Roy,186,139,133.81294964028777,8,8,18,0,6,54,5,3,2,0,0,1,0,0,0,17.38,7.72,93,3,37.5
199,JJ van der Wath,18,17,105.88235294117648,3,1,1,0,1,6,2,1,0,0,1,0,0,0,0,17.0,17.0,14,0,0.0
200,JM Kemp,26,25,104.0,2,1,1,1,2,9,2,0,1,0,0,0,0,0,0,25.0,25.0,22,1,50.0
201,JO Holder,38,32,118.75,5,2,4,0,2,6,5,3,0,2,0,0,0,0,0,16.0,8.0,16,1,20.0
202,JP Duminy,2041,1680,121.48809523809523,75,79,126,6,126,788,51,30,10,4,1,14,0,0,0,21.27,13.33,78,29,38.67
203,JP Faulkner,527,406,129.80295566502463,45,23,36,1,41,160,26,18,6,3,0,0,0,0,0,17.65,11.28,46,18,40.0
204,JR Hopes,417,314,132.80254777070064,19,11,49,1,19,114,16,13,0,2,2,4,0,0,0,28.55,6.41,71,7,36.84
205,Jaskaran Singh,8,11,72.72727272727273,4,0,0,0,2,4,1,1,0,1,0,0,0,0,0,0.0,0.0,4,1,25.0
206,Joginder Sharma,36,30,120.0,5,2,1,0,3,14,4,1,1,1,0,0,0,0,0,15.0,30.0,16,0,0.0
207,K Ahmed,0,1,0.0,1,0,0,0,0,0,1,0,1,0,0,0,0,0,0,0.0,0.0,0,0,0.0
208,K Goel,218,239,91.21338912133892,16,9,17,1,11,71,15,7,2,3,1,0,0,0,0,26.56,14.06,38,7,43.75
209,K Gowtham,148,86,172.09302325581396,17,10,10,1,9,27,12,11,0,1,0,0,0,0,0,8.6,8.6,33,11,64.71
210,K Paul,22,26,84.61538461538461,5,1,1,0,1,10,5,1,2,0,1,0,0,0,0,26.0,26.0,8,2,40.0
211,K Rabada,70,83,84.33734939759037,7,2,5,0,3,32,6,4,2,0,0,0,0,0,0,41.5,16.6,44,2,28.57
212,K Upadhyay,12,9,133.33333333333331,2,1,0,0,1,4,0,0,0,0,0,0,0,0,0,9.0,0.0,11,0,0.0
213,KA Pollard,2784,1964,141.75152749490834,132,175,182,7,125,716,97,74,14,8,5,14,0,0,0,11.22,10.79,87,77,58.33
214,KAJ Roach,10,9,111.11111111111111,1,0,1,0,1,4,1,0,1,0,0,0,0,0,0,0.0,9.0,10,0,0.0
215,KB Arun Karthik,51,53,96.22641509433963,8,1,4,1,3,20,5,2,1,1,0,0,0,0,0,53.0,13.25,19,2,25.0
216,KC Cariappa,24,21,114.28571428571428,5,2,0,0,1,10,3,0,3,0,0,0,0,0,0,10.5,0.0,12,2,40.0
217,KC Sangakkara,1687,1424,118.4691011235955,68,27,195,5,81,563,65,40,14,6,2,10,0,0,0,52.74,7.3,94,29,42.65
218,KD Karthik,3688,2890,127.61245674740485,162,101,358,6,208,1201,135,85,21,16,11,17,1,0,0,28.61,8.07,101,78,48.15
219,KH Pandya,915,635,144.09448818897638,46,35,87,4,53,239,35,28,2,0,1,1,0,0,0,18.14,7.3,86,25,54.35
220,KJ Abbott,13,8,162.5,3,1,0,1,1,2,1,1,0,0,0,0,0,0,0,8.0,0.0,12,0,0.0
221,KK Cooper,116,70,165.71428571428572,12,8,9,0,8,16,9,7,1,0,0,0,0,0,0,8.75,7.78,32,5,41.67
222,KK Nair,1470,1160,126.72413793103448,63,39,158,5,82,420,59,36,11,4,7,10,0,0,0,29.74,7.34,83,30,47.62
223,KL Rahul,2013,1465,137.4061433447099,58,81,178,3,106,594,47,30,10,3,4,15,2,0,0,18.09,8.23,104,25,43.1
224,KM Jadhav,1091,879,124.11831626848692,70,38,92,2,54,381,47,28,5,6,4,4,0,0,0,23.13,9.55,69,22,31.43
225,KMDN Kulasekara,5,3,166.66666666666669,1,0,1,0,0,1,0,0,0,0,0,0,0,0,0,0.0,3.0,5,0,0.0
226,KP Appanna,2,4,50.0,3,0,0,0,0,2,1,0,0,1,0,0,0,0,0,0.0,0.0,1,1,33.33
227,KP Pietersen,1001,758,132.05804749340368,36,40,91,4,48,284,28,12,8,3,2,4,1,0,0,18.95,8.33,103,15,41.67
228,KS Williamson,1319,981,134.4546381243629,41,44,111,5,73,445,34,26,3,1,2,13,0,0,0,22.3,8.84,89,17,41.46
229,KV Sharma,317,285,111.22807017543859,34,14,18,1,22,114,21,15,2,3,1,0,0,0,0,20.36,15.83,39,10,29.41
230,KW Richardson,36,39,92.3076923076923,4,1,2,0,3,16,3,2,0,0,0,0,0,0,0,39.0,19.5,26,0,0.0
231,Kamran Akmal,128,78,164.1025641025641,6,8,13,0,4,20,5,3,0,1,0,1,0,0,0,9.75,6.0,53,5,83.33
232,Kamran Khan,3,5,60.0,1,0,0,0,1,1,1,1,0,0,0,0,0,0,0,0.0,0.0,3,0,0.0
233,Karanveer Singh,12,17,70.58823529411765,4,0,1,0,1,6,1,0,1,0,0,0,0,0,0,0.0,17.0,5,0,0.0
234,Kuldeep Yadav,46,55,83.63636363636363,8,0,4,0,6,18,5,1,1,1,1,0,0,0,0,0.0,13.75,16,6,75.0
235,L Ablish,0,2,0.0,1,0,0,0,0,0,0,0,0,0,0,0,0,0,0,0.0,0.0,0,0,0.0
236,L Balaji,36,50,72.0,13,1,2,1,2,15,8,3,1,1,2,0,0,0,0,50.0,25.0,15,5,38.46
237,L Livingstone,72,48,150.0,4,5,6,0,2,14,3,1,2,0,0,0,0,0,0,9.6,8.0,44,4,100.0
238,L Plunkett,1,3,33.33333333333333,2,0,0,0,0,1,1,1,0,0,0,0,0,0,0,0.0,0.0,1,1,50.0
239,L Ronchi,34,37,91.8918918918919,5,1,6,0,0,4,5,2,0,1,0,0,0,0,0,37.0,6.17,13,0,0.0
240,LA Carseldine,81,71,114.08450704225352,5,0,11,2,4,23,4,0,0,1,1,0,0,0,0,0.0,6.45,39,3,60.0
241,LA Pomersbach,302,251,120.3187250996016,16,13,25,1,18,85,11,5,4,1,0,1,0,0,0,19.31,10.04,79,9,56.25
242,LH Ferguson,1,1,100.0,1,0,0,0,0,1,0,0,0,0,0,0,0,0,0,0.0,0.0,1,0,0.0
243,LJ Wright,106,63,168.25396825396825,5,3,16,0,2,20,5,4,0,0,0,0,0,0,0,21.0,3.94,44,1,20.0
244,LMP Simmons,1079,878,122.89293849658314,29,44,109,2,52,269,27,16,6,1,3,11,1,0,0,19.95,8.06,100,19,65.52
245,LPC Silva,40,27,148.14814814814815,3,1,5,0,3,8,2,2,0,0,0,0,0,0,0,27.0,5.4,23,0,0.0
246,LR Shukla,405,358,113.12849162011173,33,16,33,0,20,137,27,16,6,4,2,0,0,0,0,22.38,10.85,48,12,36.36
247,LRPL Taylor,1017,847,120.07083825265643,54,46,66,3,62,334,40,24,6,3,5,3,0,0,0,18.41,12.83,81,24,44.44
248,M Ali,311,183,169.94535519125685,14,23,21,0,7,75,12,8,1,0,0,3,0,0,0,7.96,8.71,68,7,50.0
249,M Ashwin,4,8,50.0,5,0,0,0,0,4,3,2,0,0,0,0,0,0,0,0.0,0.0,1,3,60.0
250,M Kaif,259,258,100.3875968992248,22,6,22,1,23,86,18,9,3,0,1,0,0,0,0,43.0,11.73,34,14,63.64
251,M Kartik,113,109,103.6697247706422,14,1,7,1,8,60,7,2,1,2,0,0,0,0,0,109.0,15.57,21,2,14.29
252,M Klinger,73,78,93.58974358974359,4,0,9,1,2,30,4,2,1,0,1,0,0,0,0,0.0,8.67,29,2,50.0
253,M Lomror,28,24,116.66666666666667,3,0,3,0,4,8,2,2,0,0,0,0,0,0,0,0.0,8.0,11,2,66.67
254,M Manhas,514,486,105.76131687242798,38,10,43,1,44,191,23,14,6,3,0,0,0,0,0,48.6,11.3,42,11,28.95
255,M Markande,31,30,103.33333333333334,7,0,3,0,3,13,3,1,1,0,1,0,0,0,0,0.0,10.0,8,5,71.43
256,M Morkel,126,93,135.48387096774192,20,5,11,1,8,33,11,6,3,1,0,0,0,0,0,18.6,8.45,23,1,5.0
257,M Muralitharan,20,30,66.66666666666666,9,0,1,1,2,9,6,2,1,2,1,0,0,0,0,0.0,30.0,6,2,22.22
258,M Ntini,11,19,57.89473684210527,2,0,2,0,1,1,1,0,1,0,0,0,0,0,0,0.0,9.5,11,0,0.0
259,M Rawat,55,70,78.57142857142857,11,1,4,0,2,29,5,3,1,0,0,0,0,0,0,70.0,17.5,23,4,36.36
260,M Santner,35,25,140.0,2,3,0,0,3,11,1,1,0,0,0,0,0,0,0,8.33,0.0,24,0,0.0
261,M Ur Rahman,12,11,109.09090909090908,4,0,2,0,0,4,2,1,1,0,0,0,0,0,0,0.0,5.5,11,3,75.0
262,M Vijay,2590,2164,119.68576709796672,102,91,243,17,163,690,98,50,19,8,9,13,2,0,0,23.78,8.91,127,49,48.04
263,M Vohra,1016,800,127.0,45,39,97,9,62,238,43,22,8,3,5,3,0,0,0,20.51,8.25,95,19,42.22
264,M Wood,3,5,60.0,1,0,0,0,0,3,1,1,0,0,0,0,0,0,0,0.0,0.0,3,1,100.0
265,M de Lange,1,2,50.0,1,0,0,0,0,1,1,1,0,0,0,0,0,0,0,0.0,0.0,1,1,100.0
266,MA Agarwal,1276,1027,124.24537487828627,72,52,117,0,51,384,69,49,13,1,2,5,0,0,0,19.75,8.78,68,31,43.06
267,MA Khote,24,22,109.09090909090908,3,1,2,0,1,8,2,1,0,0,0,0,0,0,0,22.0,11.0,9,0,0.0
268,MA Starc,96,98,97.95918367346938,11,0,10,0,9,38,7,4,1,1,0,0,0,0,0,0.0,9.8,29,1,9.09
269,MC Henriques,969,769,126.00780234070221,50,27,87,3,70,310,34,20,4,2,2,5,0,0,0,28.48,8.84,74,29,58.0
270,MC Juneja,125,134,93.28358208955224,7,1,11,0,7,61,7,5,0,1,1,0,0,0,0,134.0,12.18,49,0,0.0
271,MD Mishra,237,213,111.26760563380283,17,8,24,0,14,65,16,7,2,1,3,0,0,0,0,26.62,8.88,41,7,41.18
272,MDKJ Perera,14,13,107.6923076923077,2,0,3,0,0,2,2,1,0,0,1,0,0,0,0,0.0,4.33,14,1,50.0
273,MEK Hussey,1977,1648,119.96359223300972,58,52,198,11,96,648,51,29,15,5,2,15,1,0,0,31.69,8.32,116,38,65.52
274,MF Maharoof,177,124,142.74193548387098,14,9,12,0,16,43,10,4,3,2,0,0,0,0,0,13.78,10.33,39,5,35.71
275,MG Johnson,168,168,100.0,28,7,10,1,13,57,13,6,6,1,0,0,0,0,0,24.0,16.8,16,13,46.43
276,MJ Clarke,98,96,102.08333333333333,6,0,12,0,5,35,6,1,1,1,2,0,0,0,0,0.0,8.0,41,0,0.0
277,MJ Guptill,271,197,137.56345177664974,13,15,24,2,7,60,12,10,0,0,2,1,0,0,0,13.13,8.21,50,7,53.85
278,MJ Lumb,278,198,140.4040404040404,12,6,45,1,9,41,12,6,1,0,1,1,0,0,0,33.0,4.4,83,7,58.33
279,MJ McClenaghan,91,73,124.65753424657535,20,7,5,0,3,23,12,6,2,1,1,0,0,0,0,10.43,14.6,20,8,40.0
280,MK Pandey,2872,2425,118.43298969072164,119,76,253,8,173,1024,97,59,24,4,6,15,1,0,0,31.91,9.58,114,56,47.06
281,MK Tiwary,1697,1489,113.96910678307589,83,40,156,8,77,635,59,30,11,8,7,7,0,0,0,37.23,9.54,75,39,46.99
282,ML Hayden,1107,839,131.94278903456495,32,44,121,2,48,257,31,17,7,0,1,8,0,0,0,19.07,6.93,93,20,62.5
283,MM Patel,39,41,95.1219512195122,12,0,5,0,1,17,6,2,1,1,1,0,0,0,0,0.0,8.2,23,1,8.33
284,MM Sharma,124,120,103.33333333333334,25,4,9,1,7,47,15,9,3,2,0,0,0,0,0,30.0,13.33,21,8,32.0
285,MN Samuels,161,174,92.52873563218391,14,7,9,0,11,61,13,5,5,2,0,0,0,0,0,24.86,19.33,46,5,35.71
286,MN van Wyk,167,135,123.7037037037037,5,1,19,1,12,58,3,2,1,0,0,1,0,0,0,135.0,7.11,74,0,0.0
287,MP Stoinis,482,373,129.2225201072386,25,18,34,1,40,155,15,11,2,0,0,1,0,0,0,20.72,10.97,52,10,40.0
288,MR Marsh,225,201,111.94029850746267,14,14,9,0,11,83,12,7,4,1,0,0,0,0,0,14.36,22.33,38,4,28.57
289,MS Bisla,798,737,108.27679782903662,39,23,93,3,36,207,38,18,9,4,2,4,0,0,0,32.04,7.92,92,15,38.46
290,MS Dhoni,4477,3318,134.93068113321277,170,207,297,14,304,1383,105,71,14,21,5,23,0,0,0,16.03,11.17,89,94,55.29
291,MS Gony,99,76,130.26315789473685,15,8,6,0,4,19,10,4,4,1,0,0,0,0,0,9.5,12.67,42,4,26.67
292,MS Wade,22,33,66.66666666666666,3,0,0,0,4,14,3,0,2,0,1,0,0,0,0,0.0,0.0,11,1,33.33
293,MV Boucher,394,318,123.89937106918238,23,13,32,1,29,127,14,8,3,2,2,1,0,0,0,24.46,9.94,50,9,39.13
294,Mandeep Singh,1547,1254,123.3652312599681,83,33,161,3,101,489,68,44,13,7,2,5,0,0,0,38.0,7.79,77,37,44.58
295,Mashrafe Mortaza,2,2,100.0,1,0,0,0,1,0,0,0,0,0,0,0,0,0,0,0.0,0.0,2,0,0.0
296,Misbah-ul-Haq,117,82,142.6829268292683,8,6,10,0,6,29,7,4,0,2,2,0,0,0,0,13.67,8.2,47,3,37.5
297,Mohammad Ashraful,2,12,16.666666666666664,1,0,0,0,0,2,1,1,0,0,0,0,0,0,0,0.0,0.0,2,0,0.0
298,Mohammad Asif,3,6,50.0,2,0,0,0,0,3,2,1,0,1,0,0,0,0,0,0.0,0.0,3,0,0.0
299,Mohammad Hafeez,64,84,76.19047619047619,8,2,7,0,0,24,7,6,1,1,0,0,0,0,0,42.0,12.0,16,3,37.5
300,Mohammad Nabi,146,95,153.68421052631578,10,7,11,1,6,38,9,6,2,0,0,0,0,0,0,13.57,8.64,37,4,40.0
301,Mohammed Shami,54,54,100.0,16,2,5,0,2,18,9,6,1,1,0,0,0,0,0,27.0,10.8,21,5,31.25
302,Mohammed Siraj,34,38,89.47368421052632,6,1,2,0,0,20,3,1,0,1,1,0,0,0,0,38.0,19.0,15,3,50.0
303,Mustafizur Rahman,1,3,33.33333333333333,1,0,0,0,0,1,1,1,0,0,0,0,0,0,0,0.0,0.0,1,1,100.0
304,N Naik,8,17,47.05882352941176,1,0,1,0,0,4,1,0,0,0,1,0,0,0,0,0.0,17.0,8,1,100.0
305,N Pooran,177,110,160.9090909090909,6,14,11,0,7,35,6,6,0,0,0,0,0,0,0,7.86,10.0,49,4,66.67
306,N Rana,1104,835,132.21556886227546,41,60,85,1,37,322,38,29,2,4,4,8,0,0,0,13.92,9.82,85,25,60.98
307,N Saini,143,147,97.27891156462584,12,0,16,1,15,46,11,6,1,1,2,1,0,0,0,0.0,9.19,50,6,50.0
308,ND Doshi,0,13,0.0,1,0,0,0,0,0,1,1,0,0,0,0,0,0,0,0.0,0.0,0,0,0.0
309,NJ Maddinson,20,21,95.23809523809523,3,0,4,1,0,1,3,1,2,0,0,0,0,0,0,0.0,5.25,12,2,66.67
310,NJ Rimmington,1,1,100.0,1,0,0,0,0,1,0,0,0,0,0,0,0,0,0,0.0,0.0,1,0,0.0
311,NL McCullum,26,23,113.04347826086956,2,1,0,1,4,9,1,1,0,2,0,0,0,0,0,23.0,0.0,15,0,0.0
312,NLTC Perera,424,326,130.06134969325154,30,26,23,1,26,121,22,17,4,3,0,0,0,0,0,12.54,14.17,40,11,36.67
313,NM Coulter-Nile,52,53,98.11320754716981,11,4,3,0,1,14,8,4,2,0,1,0,0,0,0,13.25,17.67,9,2,18.18
314,NS Naik,23,33,69.6969696969697,2,0,1,0,3,13,2,1,1,0,0,0,0,0,0,0.0,33.0,22,0,0.0
315,NV Ojha,1555,1360,114.33823529411764,94,79,121,10,64,439,75,54,9,5,2,6,0,0,0,17.22,11.24,94,43,45.74
316,Niraj Patel,121,124,97.58064516129032,6,1,14,1,9,38,4,2,2,1,0,1,0,0,0,124.0,8.86,57,3,50.0
317,OA Shah,506,405,124.93827160493827,22,23,34,2,29,168,15,5,3,3,0,4,0,0,0,17.61,11.91,76,8,36.36
318,P Awana,5,14,35.714285714285715,5,0,0,0,0,5,2,2,0,1,0,0,0,0,0,0.0,0.0,4,0,0.0
319,P Chopra,8,6,133.33333333333331,1,0,2,0,0,0,1,1,0,0,0,0,0,0,0,0.0,3.0,8,0,0.0
320,P Dogra,127,141,90.0709219858156,12,5,4,1,10,58,11,4,2,5,0,0,0,0,0,28.2,35.25,41,5,41.67
321,P Krishna,1,7,14.285714285714285,2,0,0,0,0,1,1,1,0,0,0,0,0,0,0,0.0,0.0,1,2,100.0
322,P Kumar,340,323,105.26315789473684,57,17,22,0,24,102,38,11,15,6,1,0,0,0,0,19.0,14.68,34,11,19.3
323,P Negi,366,301,121.59468438538205,35,16,27,1,25,109,26,15,4,4,1,0,0,0,0,18.81,11.15,36,9,25.71
324,P Parameswaran,1,3,33.33333333333333,2,0,0,0,0,1,0,0,0,0,0,0,0,0,0,0.0,0.0,1,0,0.0
325,P R Barman,20,25,80.0,1,0,2,0,0,12,1,1,0,0,0,0,0,0,0,0.0,12.5,20,0,0.0
326,P Raj,0,1,0.0,1,0,0,0,0,0,0,0,0,0,0,0,0,0,0,0.0,0.0,0,1,100.0
327,P Sahu,19,13,146.15384615384613,2,1,1,0,2,5,1,0,0,0,0,0,0,0,0,13.0,13.0,18,0,0.0
328,P Shaw,616,435,141.60919540229887,25,19,73,2,22,160,25,17,5,1,1,3,1,0,0,22.89,5.96,100,8,32.0
329,PA Patel,2874,2444,117.59410801963995,136,49,366,8,128,831,126,73,22,11,12,13,0,0,0,49.88,6.68,81,65,47.79
330,PA Reddy,164,167,98.20359281437125,10,2,15,1,12,65,10,6,2,1,0,0,0,0,0,83.5,11.13,42,6,60.0
331,PC Valthaty,505,432,116.89814814814814,23,20,61,0,20,101,22,18,3,1,0,2,1,0,0,21.6,7.08,120,9,39.13
332,PD Collingwood,203,159,127.67295597484276,7,13,9,1,10,66,5,2,0,1,1,3,0,0,0,12.23,17.67,75,3,42.86
333,PJ Cummins,77,56,137.5,9,4,5,0,7,19,6,4,2,0,0,0,0,0,0,14.0,11.2,24,3,33.33
334,PJ Sangwan,25,41,60.97560975609756,13,0,1,0,3,15,7,3,2,1,1,0,0,0,0,0.0,41.0,6,1,7.69
335,PM Sarvesh Kumar,1,2,50.0,1,0,0,0,0,1,0,0,0,0,0,0,0,0,0,0.0,0.0,1,0,0.0
336,PP Chawla,587,541,108.50277264325324,75,18,54,1,34,192,49,26,12,8,2,0,0,0,0,30.06,10.02,24,34,45.33
337,PP Ojha,16,45,35.55555555555556,19,0,0,0,1,14,12,5,3,2,0,0,0,0,0,0.0,0.0,3,4,21.05
338,PR Shah,92,97,94.84536082474226,9,2,9,0,8,28,8,6,1,0,0,0,0,0,0,48.5,10.78,29,1,11.11
339,PSP Handscomb,6,12,50.0,1,0,0,0,0,6,1,1,0,0,0,0,0,0,0,0.0,0.0,6,0,0.0
340,PV Tambe,18,39,46.15384615384615,6,0,1,0,0,14,2,1,0,0,0,0,0,0,0,0.0,39.0,7,0,0.0
341,Pankaj Singh,7,12,58.333333333333336,5,0,0,0,1,5,2,1,1,0,0,0,0,0,0,0.0,0.0,4,1,20.0
342,Parvez Rasool,17,20,85.0,4,0,1,0,1,11,2,1,0,0,0,0,0,0,0,0.0,20.0,10,0,0.0
343,Q de Kock,1489,1136,131.07394366197184,50,54,156,5,53,415,48,35,5,1,3,10,1,0,0,21.04,7.28,108,28,56.0
344,R Ashwin,382,350,109.14285714285714,50,10,32,0,20,154,35,21,5,3,1,0,0,0,0,35.0,10.94,47,23,46.0
345,R Bhatia,342,290,117.9310344827586,47,13,24,1,23,119,30,17,5,4,0,0,0,0,0,22.31,12.08,26,11,23.4
346,R Bhui,8,18,44.44444444444444,2,0,0,0,2,4,2,2,0,0,0,0,0,0,0,0.0,0.0,8,1,50.0
347,R Bishnoi,19,17,111.76470588235294,3,2,1,0,0,3,3,2,0,1,0,0,0,0,0,8.5,17.0,18,1,33.33
348,R Dhawan,153,135,113.33333333333333,16,4,13,1,13,48,7,2,1,1,2,0,0,0,0,33.75,10.38,25,7,43.75
349,R Dravid,2174,1918,113.34723670490095,82,28,269,1,118,681,77,47,16,6,2,11,0,0,0,68.5,7.13,75,37,45.12
350,R McLaren,159,178,89.32584269662921,13,1,14,1,8,78,8,2,2,2,2,1,0,0,0,178.0,12.71,51,5,38.46
351,R Ninan,3,6,50.0,1,0,0,0,0,3,1,1,0,0,0,0,0,0,0,0.0,0.0,3,0,0.0
352,R Parag,169,133,127.06766917293233,5,5,17,0,7,57,5,2,1,0,0,2,0,0,0,26.6,7.82,55,4,80.0
353,R Rampaul,51,52,98.07692307692307,7,2,3,0,6,15,5,4,0,0,1,0,0,0,0,26.0,17.33,23,1,14.29
354,R Salam,5,4,125.0,1,0,0,0,2,1,0,0,0,0,0,0,0,0,0,0.0,0.0,5,1,100.0
355,R Sathish,270,236,114.40677966101696,24,6,22,3,24,89,17,9,3,2,1,0,0,0,0,39.33,10.73,27,11,45.83
356,R Sharma,66,77,85.71428571428571,19,3,5,0,7,14,14,6,4,1,0,0,0,0,0,25.67,15.4,14,3,15.79
357,R Shukla,19,23,82.6086956521739,4,0,2,0,0,11,1,1,0,1,0,0,0,0,0,0.0,11.5,14,2,50.0
358,R Singh,73,68,107.35294117647058,7,2,5,0,3,30,6,5,1,0,0,0,0,0,0,34.0,13.6,30,4,57.14
359,R Tewatia,119,93,127.95698924731182,12,3,11,0,7,43,6,5,0,1,1,0,0,0,0,31.0,8.45,28,4,33.33
360,R Vinay Kumar,311,289,107.61245674740485,42,9,21,0,31,111,28,13,10,2,0,0,0,0,0,32.11,13.76,26,7,16.67
361,RA Jadeja,1951,1632,119.546568627451,125,65,137,5,146,706,80,51,16,8,1,0,0,0,0,25.11,11.91,48,63,50.4
362,RA Tripathi,771,571,135.02626970227672,33,27,73,2,43,220,29,20,4,2,1,4,0,0,0,21.15,7.82,93,20,60.61
363,RD Chahar,15,13,115.38461538461537,5,0,2,0,2,3,2,2,0,0,0,0,0,0,0,0.0,6.5,10,3,60.0
364,RE Levi,83,74,112.16216216216218,6,4,10,0,0,19,6,1,4,0,0,1,0,0,0,18.5,7.4,50,4,66.67
365,RE van der Merwe,159,144,110.41666666666667,15,8,11,2,4,53,11,5,2,2,0,0,0,0,0,18.0,13.09,35,6,40.0
366,RG More,2,2,100.0,1,0,0,0,0,2,0,0,0,0,0,0,0,0,0,0.0,0.0,2,0,0.0
367,RG Sharma,4914,3816,128.77358490566039,182,194,431,5,205,1589,155,103,22,17,11,36,1,0,0,19.67,8.85,109,98,53.85
368,RJ Harris,117,112,104.46428571428572,21,3,6,1,16,40,12,9,2,0,1,0,0,0,0,37.33,18.67,17,5,23.81
369,RJ Peterson,32,32,100.0,5,1,3,0,1,12,3,1,0,2,0,0,0,0,0,32.0,10.67,16,4,80.0
370,RJ Quiney,103,105,98.09523809523809,7,3,12,1,2,30,7,4,1,0,2,1,0,0,0,35.0,8.75,51,2,28.57
371,RN ten Doeschate,326,238,136.9747899159664,21,15,26,0,15,102,14,6,1,5,5,1,0,0,0,15.87,9.15,70,13,61.9
372,RP Singh,52,78,66.66666666666666,28,1,2,1,2,31,15,5,4,4,0,0,0,0,0,78.0,39.0,10,3,10.71
373,RR Bhatkal,0,2,0.0,1,0,0,0,0,0,1,1,0,1,0,0,0,0,0,0.0,0.0,0,0,0.0
374,RR Pant,1792,1104,162.31884057971016,54,94,154,2,72,452,48,32,8,5,4,12,1,0,0,11.74,7.17,130,21,38.89
375,RR Powar,67,64,104.6875,9,1,6,0,7,23,3,0,2,1,0,0,0,0,0,64.0,10.67,28,2,22.22
376,RR Raje,20,18,111.11111111111111,5,1,1,0,0,10,1,0,1,0,0,0,0,0,0,18.0,18.0,11,2,40.0
377,RR Rossouw,53,51,103.921568627451,5,3,3,0,3,17,5,1,3,1,1,0,0,0,0,17.0,17.0,24,1,20.0
378,RR Sarwan,73,78,93.58974358974359,4,1,6,0,6,31,4,2,1,0,0,0,0,0,0,78.0,13.0,31,3,75.0
379,RS Bopara,531,468,113.46153846153845,22,16,39,7,27,204,18,13,1,2,3,3,0,0,0,29.25,12.0,84,9,40.91
380,RS Gavaskar,2,8,25.0,1,0,0,0,0,2,1,1,0,0,0,0,0,0,0,0.0,0.0,2,0,0.0
381,RS Sodhi,4,2,200.0,1,0,1,0,0,0,0,0,0,0,0,0,0,0,0,0.0,2.0,4,1,100.0
382,RT Ponting,91,129,70.54263565891473,9,2,5,0,6,47,9,5,0,0,1,0,0,0,0,64.5,25.8,28,5,55.56
383,RV Gomez,50,53,94.33962264150944,9,1,5,0,4,16,5,3,1,2,1,0,0,0,0,53.0,10.6,26,3,33.33
384,RV Uthappa,4446,3492,127.31958762886597,170,156,436,13,206,1295,153,108,14,12,13,24,0,0,0,22.38,8.01,87,79,46.47
385,Rashid Khan,109,67,162.6865671641791,17,9,5,0,6,23,12,8,1,1,0,0,0,0,0,7.44,13.4,35,6,35.29
386,S Anirudha,136,121,112.39669421487604,12,7,9,0,7,44,8,4,1,0,2,1,0,0,0,17.29,13.44,64,6,50.0
387,S Aravind,59,59,100.0,10,0,7,0,5,21,4,1,1,0,1,0,0,0,0,0.0,8.43,14,0,0.0
388,S Badree,13,25,52.0,5,0,0,0,2,9,5,1,3,0,1,0,0,0,0,0.0,0.0,8,0,0.0
389,S Badrinath,1441,1245,115.74297188755021,65,28,154,1,85,484,47,31,2,5,4,11,0,0,0,44.46,8.08,71,34,52.31
390,S Chanderpaul,25,33,75.75757575757575,3,0,4,0,0,9,3,3,0,0,0,0,0,0,0,0.0,8.25,16,1,33.33
391,S Curran,95,55,172.72727272727272,8,3,13,0,7,11,4,2,0,0,2,1,0,0,0,18.33,4.23,55,4,50.0
392,S Dhawan,4632,3776,122.66949152542372,158,96,526,18,205,1473,137,79,28,14,8,37,0,0,0,39.33,7.18,98,72,45.57
393,S Dube,40,33,121.21212121212122,4,3,1,0,1,16,3,3,0,1,0,0,0,0,0,11.0,33.0,24,0,0.0
394,S Gill,517,384,134.63541666666669,23,15,45,2,28,185,15,10,1,1,1,4,0,0,0,25.6,8.53,77,16,69.57
395,S Gopal,131,120,109.16666666666666,14,1,14,0,9,51,9,5,1,1,0,0,0,0,0,120.0,8.57,24,9,64.29
396,S Hetmyer,93,76,122.36842105263158,5,7,4,0,1,33,5,3,0,1,0,1,0,0,0,10.86,19.0,78,1,20.0
397,S Kaul,12,28,42.857142857142854,7,0,0,0,4,4,4,2,0,1,0,0,0,0,0,0.0,0.0,7,0,0.0
398,S Kaushik,0,1,0.0,1,0,0,0,0,0,1,1,0,0,0,0,0,0,0,0.0,0.0,0,0,0.0
399,S Ladda,0,10,0.0,2,0,0,0,0,0,1,0,0,2,0,0,0,0,0,0.0,0.0,0,0,0.0
400,S Lamichhane,0,1,0.0,1,0,0,0,0,0,1,0,1,0,0,0,0,0,0,0.0,0.0,0,0,0.0
401,S Mavi,13,15,86.66666666666667,3,0,1,0,2,5,3,2,1,0,0,0,0,0,0,0.0,15.0,7,2,66.67
402,S Nadeem,32,79,40.50632911392405,17,0,1,0,3,22,12,5,3,4,0,0,0,0,0,0.0,79.0,6,0,0.0
403,S Narwal,37,29,127.58620689655173,4,0,6,0,2,9,3,3,0,1,0,0,0,0,0,0.0,4.83,23,1,25.0
404,S Rana,91,82,110.97560975609757,8,1,9,0,10,29,4,1,3,1,0,0,0,0,0,82.0,9.11,19,2,25.0
405,S Randiv,2,4,50.0,1,0,0,0,1,0,1,1,0,0,0,0,0,0,0,0.0,0.0,2,0,0.0
406,S Rutherford,82,55,149.0909090909091,7,7,4,0,3,18,5,5,0,0,0,0,0,0,0,7.86,13.75,32,2,28.57
407,S Sharma,8,4,200.0,2,0,1,0,1,2,0,0,0,0,0,0,0,0,0,0.0,4.0,5,0,0.0
408,S Singh,17,18,94.44444444444444,1,1,1,0,1,5,1,0,0,0,1,0,0,0,0,18.0,18.0,17,1,100.0
409,S Sohal,368,311,118.32797427652733,20,18,34,1,17,82,20,12,3,1,2,2,0,0,0,17.28,9.15,62,10,50.0
410,S Sreesanth,34,57,59.64912280701754,12,0,6,0,2,6,4,1,1,0,1,0,0,0,0,0.0,9.5,15,2,16.67
411,S Sriram,31,38,81.57894736842105,2,0,3,0,2,15,2,1,1,0,0,0,0,0,0,0.0,12.67,27,1,50.0
412,S Tyagi,3,4,75.0,1,0,0,0,0,3,1,0,0,0,0,0,0,0,0,0.0,0.0,3,0,0.0
413,S Vidyut,145,115,126.08695652173914,8,3,21,1,5,30,8,8,0,0,0,1,0,0,0,38.33,5.48,54,3,37.5
414,SA Abbott,15,13,115.38461538461537,2,1,1,0,1,3,2,1,0,0,0,0,0,0,0,13.0,13.0,14,1,50.0
415,SA Asnodkar,423,352,120.17045454545455,19,10,56,0,17,105,20,11,1,5,1,2,0,0,0,35.2,6.29,60,10,52.63
416,SA Yadav,608,479,126.93110647181629,42,21,54,2,32,196,29,21,3,2,2,1,0,0,0,22.81,8.87,60,19,45.24
417,SB Bangar,49,58,84.48275862068965,7,3,1,0,1,25,7,5,0,1,0,0,0,0,0,19.33,58.0,17,0,0.0
418,SB Jakati,28,30,93.33333333333333,5,0,3,0,1,14,1,1,0,1,0,0,0,0,0,0.0,10.0,13,1,20.0
419,SB Joshi,6,16,37.5,2,0,0,0,0,6,2,1,0,1,0,0,0,0,0,0.0,0.0,3,0,0.0
420,SB Styris,131,134,97.76119402985076,10,3,10,0,5,63,7,4,2,0,1,0,0,0,0,44.67,13.4,36,3,30.0
421,SB Wagh,2,3,66.66666666666666,2,0,0,0,1,0,2,1,0,1,0,0,0,0,0,0.0,0.0,2,0,0.0
422,SC Ganguly,1349,1326,101.73453996983409,56,42,137,3,54,427,53,37,9,3,2,7,0,0,0,31.57,9.68,91,21,37.5
423,SD Chitnis,99,92,107.6086956521739,8,2,10,0,5,37,7,6,0,1,0,0,0,0,0,46.0,9.2,38,4,50.0
424,SD Lad,15,13,115.38461538461537,1,1,1,1,0,2,1,0,1,0,0,0,0,0,0,13.0,13.0,15,1,100.0
425,SE Bond,1,2,50.0,1,0,0,0,0,1,1,0,1,0,0,0,0,0,0,0.0,0.0,1,0,0.0
426,SE Marsh,2489,1913,130.10977522216413,69,78,269,6,99,724,63,35,16,6,3,20,1,0,0,24.53,7.11,115,31,44.93
427,SJ Srivastava,5,5,100.0,4,0,0,0,1,3,1,0,1,0,0,0,0,0,0,0.0,0.0,3,1,25.0
428,SK Raina,5415,4044,133.9020771513353,189,195,495,11,266,1695,162,112,16,12,6,38,1,0,0,20.74,8.17,100,106,56.08
429,SK Trivedi,42,61,68.85245901639344,14,1,3,0,4,16,7,3,4,1,0,0,0,0,0,61.0,20.33,9,2,14.29
430,SK Warne,198,219,90.41095890410958,27,6,14,0,12,82,20,6,6,4,0,0,0,0,0,36.5,15.64,34,9,33.33
431,SL Malinga,88,103,85.43689320388349,20,5,6,0,1,32,16,5,5,2,0,0,0,0,0,20.6,17.17,17,5,25.0
432,SM Harwood,9,14,64.28571428571429,2,0,0,0,2,5,0,0,0,0,0,0,0,0,0,0.0,0.0,6,1,50.0
433,SM Katich,241,191,126.17801047120419,11,8,26,1,15,56,10,6,2,2,0,2,0,0,0,23.88,7.35,75,5,45.45
434,SM Pollock,147,116,126.72413793103448,8,8,12,0,2,47,8,4,4,0,0,0,0,0,0,14.5,9.67,33,1,12.5
435,SMSM Senanayake,10,17,58.82352941176471,4,0,0,0,1,8,1,0,0,1,0,0,0,0,0,0.0,0.0,7,1,25.0
436,SN Khan,416,291,142.9553264604811,22,11,44,1,19,128,15,13,0,4,0,1,0,0,0,26.45,6.61,70,11,50.0
437,SN Thakur,36,21,171.42857142857142,7,1,5,0,2,6,5,2,1,0,1,0,0,0,0,21.0,4.2,15,5,71.43
438,SP Fleming,196,171,114.61988304093566,10,3,27,2,11,42,9,5,2,1,1,0,0,0,0,57.0,6.33,45,3,30.0
439,SP Goswami,301,302,99.66887417218543,19,3,33,1,18,112,18,14,2,2,0,1,0,0,0,100.67,9.15,52,6,31.58
440,SP Jackson,38,31,122.58064516129032,3,0,5,0,2,14,2,1,0,0,0,0,0,0,0,0.0,6.2,16,1,33.33
441,SP Narine,803,481,166.94386694386694,54,44,94,4,15,116,44,28,7,1,1,4,0,0,0,10.93,5.12,76,27,50.0
442,SPD Smith,2047,1616,126.67079207920793,72,49,181,7,139,730,54,35,12,8,2,8,1,0,0,32.98,8.93,101,30,41.67
443,SR Tendulkar,2334,2044,114.18786692759295,78,29,296,7,117,721,69,36,12,8,8,13,1,0,0,70.48,6.91,100,48,61.54
444,SR Watson,3614,2639,136.9458128078818,130,177,344,9,132,875,115,66,32,9,4,19,4,0,0,14.91,7.67,121,64,49.23
445,SS Iyer,1714,1370,125.1094890510949,61,67,150,1,69,566,55,35,9,5,5,13,0,0,0,20.45,9.13,97,26,42.62
446,SS Shaikh,6,7,85.71428571428571,1,0,1,0,0,2,1,0,0,0,0,0,0,0,0,0.0,7.0,6,1,100.0
447,SS Tiwary,1276,1111,114.85148514851484,64,45,93,2,82,464,45,29,4,2,3,7,0,0,0,24.69,11.95,61,32,50.0
448,ST Jayasuriya,768,573,134.03141361256544,30,39,84,7,22,128,28,19,2,2,5,4,1,0,0,14.69,6.82,114,15,50.0
449,STR Binny,882,700,126.0,66,35,66,7,61,265,46,28,6,4,3,0,0,0,0,20.0,10.61,48,27,40.91
450,SV Samson,2235,1728,129.34027777777777,88,89,171,11,136,712,80,52,11,5,6,12,2,0,0,19.42,10.11,106,47,53.41
451,SW Billings,338,256,132.03125,19,10,31,1,25,101,19,13,3,1,1,3,0,0,0,25.6,8.26,58,7,36.84
452,SW Tait,23,26,88.46153846153845,5,1,1,0,0,13,3,0,2,0,0,0,0,0,0,26.0,26.0,11,1,20.0
453,Sachin Baby,137,106,129.24528301886792,10,5,11,0,13,37,8,5,0,2,1,0,0,0,0,21.2,9.64,33,3,30.0
454,Salman Butt,193,172,112.20930232558139,7,2,30,0,7,47,7,4,1,0,2,1,0,0,0,86.0,5.73,73,4,57.14
455,Sandeep Sharma,26,40,65.0,14,0,1,0,1,20,3,1,0,0,1,0,0,0,0,0.0,40.0,7,2,14.29
456,Shahid Afridi,81,46,176.08695652173913,9,6,7,0,0,12,8,7,0,0,1,0,0,0,0,7.67,6.57,33,1,11.11
457,Shakib Al Hasan,759,615,123.41463414634146,46,20,69,1,45,265,36,21,9,4,0,2,0,0,0,30.75,8.91,66,20,43.48
458,Shivam Sharma,5,3,166.66666666666669,2,0,1,0,0,1,1,0,1,0,0,0,0,0,0,0.0,3.0,4,1,50.0
459,Shoaib Ahmed,1,6,16.666666666666664,3,0,0,0,0,1,2,1,0,1,0,0,0,0,0,0.0,0.0,1,0,0.0
460,Shoaib Akhtar,2,8,25.0,1,0,0,0,0,2,1,1,0,0,0,0,0,0,0,0.0,0.0,2,0,0.0
461,Shoaib Malik,52,49,106.12244897959184,5,0,5,0,4,24,4,3,1,0,0,0,0,0,0,0.0,9.8,24,2,40.0
462,Sohail Tanvir,36,31,116.12903225806453,5,1,3,0,2,14,3,2,1,0,0,0,0,0,0,31.0,10.33,13,4,80.0
463,Sunny Gupta,0,1,0.0,1,0,0,0,0,0,1,0,0,0,0,0,0,0,0,0.0,0.0,0,0,0.0
464,Sunny Singh,43,31,138.70967741935485,5,1,6,0,1,11,4,3,0,1,0,0,0,0,0,31.0,5.17,20,2,40.0
465,Swapnil Singh,12,20,60.0,3,0,0,0,2,8,3,1,1,0,1,0,0,0,0,0.0,0.0,10,1,33.33
466,T Curran,24,28,85.71428571428571,4,0,3,0,0,12,3,3,0,0,0,0,0,0,0,0.0,9.33,18,3,75.0
467,T Henderson,11,16,68.75,2,1,0,0,1,3,2,0,1,0,0,0,0,0,0,16.0,0.0,11,0,0.0
468,T Kohli,11,20,55.00000000000001,3,1,0,0,0,5,3,2,0,1,0,0,0,0,0,20.0,0.0,7,2,66.67
469,T Taibu,31,26,119.23076923076923,3,0,3,0,5,9,3,2,0,1,0,0,0,0,0,0.0,8.67,15,3,100.0
470,T Thushara,12,19,63.1578947368421,4,0,0,0,3,6,2,1,0,1,0,0,0,0,0,0.0,0.0,8,1,25.0
471,TA Boult,12,14,85.71428571428571,4,1,0,0,2,2,2,1,1,0,0,0,0,0,0,14.0,0.0,6,1,25.0
472,TD Paine,10,29,34.48275862068966,2,0,0,0,0,10,2,1,1,0,0,0,0,0,0,0.0,0.0,8,0,0.0
473,TG Southee,115,91,126.37362637362637,13,4,8,0,10,34,8,4,1,1,0,0,0,0,0,22.75,11.38,36,4,30.77
474,TL Suman,676,587,115.1618398637138,39,26,55,3,43,205,32,22,3,1,2,2,0,0,0,22.58,10.67,78,18,46.15
475,TM Dilshan,1153,1047,110.12416427889207,50,24,140,2,54,335,43,24,11,2,3,9,0,0,0,43.62,7.48,76,32,64.0
476,TM Head,205,151,135.76158940397352,10,8,12,0,21,67,7,4,1,1,0,1,0,0,0,18.88,12.58,75,4,40.0
477,TM Srivastava,8,11,72.72727272727273,3,0,0,1,0,5,1,1,0,0,0,0,0,0,0,0.0,0.0,7,1,33.33
478,TR Birt,75,59,127.11864406779661,5,2,9,0,6,15,5,4,1,0,0,0,0,0,0,29.5,6.56,27,2,40.0
479,TS Mills,8,11,72.72727272727273,3,1,0,0,0,2,3,2,1,0,0,0,0,0,0,11.0,0.0,6,1,33.33
480,U Kaul,0,1,0.0,1,0,0,0,0,0,0,0,0,0,0,0,0,0,0,0.0,0.0,0,0,0.0
481,UA Birla,7,15,46.666666666666664,1,0,1,0,0,3,1,0,1,0,0,0,0,0,0,0.0,15.0,7,0,0.0
482,UBT Chand,300,314,95.54140127388536,20,9,32,0,15,88,20,13,6,0,0,1,0,0,0,34.89,9.81,58,6,30.0
483,UT Khawaja,127,105,120.95238095238095,6,3,14,1,6,38,6,3,0,1,0,0,0,0,0,35.0,7.5,30,3,50.0
484,UT Yadav,127,133,95.48872180451127,33,4,11,0,5,49,13,5,5,2,0,0,0,0,0,33.25,12.09,24,5,15.15
485,Umar Gul,39,19,205.26315789473685,4,5,1,0,0,5,3,2,0,1,0,0,0,0,0,3.8,19.0,24,2,50.0
486,V Kohli,5434,4211,129.04298266445025,169,191,482,11,293,1741,143,95,30,15,7,38,5,0,0,22.05,8.74,113,75,44.38
487,V Pratap Singh,0,1,0.0,1,0,0,0,0,0,1,1,0,0,0,0,0,0,0,0.0,0.0,0,0,0.0
488,V Sehwag,2728,1833,148.82705946535734,104,106,334,2,96,558,99,70,15,6,4,16,2,0,0,17.29,5.49,122,51,49.04
489,V Shankar,574,429,133.7995337995338,27,24,34,1,38,215,18,16,0,0,1,2,0,0,0,17.88,12.62,63,15,55.56
490,VH Zol,29,26,111.53846153846155,2,1,3,0,2,7,2,1,1,0,0,0,0,0,0,26.0,8.67,16,0,0.0
491,VR Aaron,49,63,77.77777777777779,10,2,2,0,4,21,4,1,1,1,0,0,0,0,0,31.5,31.5,17,2,20.0
492,VRV Singh,4,3,133.33333333333331,2,0,1,0,0,0,2,1,0,0,0,0,0,0,0,0.0,3.0,4,1,50.0
493,VS Malik,7,7,100.0,2,0,1,0,0,3,1,0,1,0,0,0,0,0,0,0.0,7.0,6,0,0.0
494,VS Yeligati,2,2,100.0,1,0,0,0,1,0,1,0,0,1,0,0,0,0,0,0.0,0.0,2,0,0.0
495,VVS Laxman,282,271,104.0590405904059,20,5,33,0,10,100,19,9,2,1,1,1,0,0,0,54.2,8.21,52,7,35.0
496,VY Mahesh,15,28,53.57142857142857,5,0,0,0,2,11,2,1,1,0,0,0,0,0,0,0.0,0.0,6,0,0.0
497,Vishnu Vinod,19,26,73.07692307692307,3,1,1,0,0,9,3,1,1,1,0,0,0,0,0,26.0,26.0,9,2,66.67
498,W Jaffer,130,129,100.7751937984496,8,3,14,1,6,41,8,7,0,0,0,1,0,0,0,43.0,9.21,50,3,37.5
499,WA Mota,56,76,73.68421052631578,8,0,2,0,4,40,6,3,1,0,1,0,0,0,0,0.0,38.0,25,4,50.0
500,WD Parnell,63,80,78.75,12,1,4,0,5,31,9,4,2,3,0,0,0,0,0,80.0,20.0,16,2,16.67
501,WP Saha,1780,1382,128.79884225759767,93,59,161,4,115,540,74,42,18,8,4,6,1,0,0,23.42,8.58,115,34,36.56
502,WPUJC Vaas,81,73,110.95890410958904,11,3,2,0,11,33,8,4,2,1,0,0,0,0,0,24.33,36.5,20,4,36.36
503,Washington Sundar,79,56,141.07142857142858,12,4,5,1,7,18,6,4,1,1,0,0,0,0,0,14.0,11.2,37,5,41.67
504,X Thalaivan Sargunam,10,17,58.82352941176471,1,0,0,0,2,6,1,0,0,0,0,0,0,0,0,0.0,0.0,10,0,0.0
505,Y Gnaneswara Rao,19,18,105.55555555555556,1,0,3,0,1,5,1,0,0,0,0,0,0,0,0,0.0,6.0,19,0,0.0
506,Y Nagar,285,271,105.1660516605166,20,9,20,2,18,109,14,8,3,2,2,0,0,0,0,30.11,13.55,44,7,35.0
507,Y Venugopal Rao,985,865,113.87283236994219,52,37,77,1,53,341,44,24,8,9,1,3,0,0,0,23.38,11.23,71,14,26.92
508,YA Abdulla,0,1,0.0,1,0,0,0,0,0,0,0,0,0,0,0,0,0,0,0.0,0.0,0,0,0.0
509,YK Pathan,3241,2334,138.8603256212511,153,161,264,5,156,892,110,77,11,12,5,14,1,0,0,14.5,8.84,100,75,49.02
510,YS Chahal,22,49,44.89795918367347,12,0,0,1,1,17,5,3,0,1,0,0,0,0,0,0.0,0.0,4,2,16.67
511,YV Takawale,192,183,104.91803278688525,10,3,26,0,12,41,8,4,2,0,2,0,0,0,0,61.0,7.04,45,3,30.0
512,Yashpal Singh,47,67,70.1492537313433,4,0,5,1,2,20,4,4,0,0,0,0,0,0,0,0.0,13.4,20,1,25.0
513,Younis Khan,3,7,42.857142857142854,1,0,0,0,0,3,1,0,1,0,0,0,0,0,0,0.0,0.0,3,0,0.0
514,Yuvraj Singh,2765,2207,125.28318985047575,126,149,218,3,120,750,111,84,10,4,5,13,0,0,0,14.81,10.12,83,56,44.44
515,Z Khan,117,141,82.97872340425532,27,2,11,0,7,47,14,6,5,3,0,0,0,0,0,70.5,12.82,23,2,7.41
